path,domain,entrypoints,authz,side_effects,external_dependencies,success_evidence,failure_evidence,test_files,status,owner,notes
server/routes/accessibility.ts,api,,,,,,,,UNREVIEWED,,backend route; Requires feature-level evidence review.
server/routes/achievements.ts,api,,,,,,,,UNREVIEWED,,backend route; Requires feature-level evidence review.
server/routes/adaptivePricing.ts,api,,,,,,,,UNREVIEWED,,backend route; Requires feature-level evidence review.
server/routes/admin/auditLog.ts,admin,,,,,,,,UNREVIEWED,,backend route; Requires feature-level evidence review.
server/routes/admin/beatMoneyLoop.ts,admin,,,,,,,,UNREVIEWED,,backend route; Requires feature-level evidence review.
server/routes/admin/contentSampler.ts,admin,,,,,,,,UNREVIEWED,,backend route; Requires feature-level evidence review.
server/routes/admin/index.ts,admin,,,,,,,,UNREVIEWED,,backend route; Requires feature-level evidence review.
server/routes/admin/intelligence.ts,admin,,,,,,,,UNREVIEWED,,backend route; Requires feature-level evidence review.
server/routes/admin/metrics.ts,admin,,,,,,,,UNREVIEWED,,backend route; Requires feature-level evidence review.
server/routes/admin.ts,admin,,,,,,,,UNREVIEWED,,backend route; Requires feature-level evidence review.
server/routes/advertisingAutopilot.ts,api,,,,,,,,UNREVIEWED,,backend route; Requires feature-level evidence review.
server/routes/advertising.ts,api,,,,,,,,UNREVIEWED,,backend route; Requires feature-level evidence review.
server/routes/ai.ts,ai,,,,,,,,UNREVIEWED,,backend route; Requires feature-level evidence review.
server/routes/analytics-internal.ts,api,,,,,,,,UNREVIEWED,,backend route; Requires feature-level evidence review.
server/routes/api/analyticsAlerts.ts,api,,,,,,,,UNREVIEWED,,backend route; Requires feature-level evidence review.
server/routes/api/certifiedAnalytics.ts,api,,,,,,,,UNREVIEWED,,backend route; Requires feature-level evidence review.
server/routes/apiKeys.ts,api,,,,,,,,UNREVIEWED,,backend route; Requires feature-level evidence review.
server/routes/api/v1/analytics.ts,api,,,,,,,,UNREVIEWED,,backend route; Requires feature-level evidence review.
server/routes/arIntelligence.ts,api,,,,,,,,UNREVIEWED,,backend route; Requires feature-level evidence review.
server/routes/artistProfiles.ts,api,,,,,,,,UNREVIEWED,,backend route; Requires feature-level evidence review.
server/routes/artistProgress.ts,api,,,,,,,,UNREVIEWED,,backend route; Requires feature-level evidence review.
server/routes/assistant.ts,api,,,,,,,,UNREVIEWED,,backend route; Requires feature-level evidence review.
server/routes/audioAnalysis.ts,api,,,,,,,,UNREVIEWED,,backend route; Requires feature-level evidence review.
server/routes/audio-processing.ts,api,,,,,,,,UNREVIEWED,,backend route; Requires feature-level evidence review.
server/routes/audit.ts,api,,,,,,,,UNREVIEWED,,backend route; Requires feature-level evidence review.
server/routes/auth.ts,auth,,,,,,,,UNREVIEWED,,backend route; Requires feature-level evidence review.
server/routes/autonomousSocial.ts,social,,,,,,,,UNREVIEWED,,backend route; Requires feature-level evidence review.
server/routes/autopilot-coordinator.ts,api,,,,,,,,UNREVIEWED,,backend route; Requires feature-level evidence review.
server/routes/autopilot-learning.ts,api,,,,,,,,UNREVIEWED,,backend route; Requires feature-level evidence review.
server/routes/autopilotPreferences.ts,api,,,,,,,,UNREVIEWED,,backend route; Requires feature-level evidence review.
server/routes/autopilot.ts,api,,,,,,,,UNREVIEWED,,backend route; Requires feature-level evidence review.
server/routes/autoUpdates.ts,api,,,,,,,,UNREVIEWED,,backend route; Requires feature-level evidence review.
server/routes/backup.ts,api,,,,,,,,UNREVIEWED,,backend route; Requires feature-level evidence review.
server/routes/batch.ts,api,,,,,,,,UNREVIEWED,,backend route; Requires feature-level evidence review.
server/routes/billing.ts,api,,,,,,,,UNREVIEWED,,backend route; Requires feature-level evidence review.
server/routes/bootstrap.ts,api,,,,,,,,UNREVIEWED,,backend route; Requires feature-level evidence review.
server/routes/careerCoach.ts,api,,,,,,,,UNREVIEWED,,backend route; Requires feature-level evidence review.
server/routes/collaborations.ts,api,,,,,,,,UNREVIEWED,,backend route; Requires feature-level evidence review.
server/routes/collaboration.ts,api,,,,,,,,UNREVIEWED,,backend route; Requires feature-level evidence review.
server/routes/connectedAccounts.ts,api,,,,,,,,UNREVIEWED,,backend route; Requires feature-level evidence review.
server/routes/content-analysis.ts,social,,,,,,,,UNREVIEWED,,backend route; Requires feature-level evidence review.
server/routes/contracts.ts,api,,,,,,,,UNREVIEWED,,backend route; Requires feature-level evidence review.
server/routes/creativeModel.ts,api,,,,,,,,UNREVIEWED,,backend route; Requires feature-level evidence review.
server/routes/customWorkflows.ts,api,,,,,,,,UNREVIEWED,,backend route; Requires feature-level evidence review.
server/routes/developerApi.ts,api,,,,,,,,UNREVIEWED,,backend route; Requires feature-level evidence review.
server/routes/distribution.ts,distribution,,,,,,,,UNREVIEWED,,backend route; Requires feature-level evidence review.
server/routes/dmca.ts,api,,,,,,,,UNREVIEWED,,backend route; Requires feature-level evidence review.
server/routes/dnsManager.ts,api,,,,,,,,UNREVIEWED,,backend route; Requires feature-level evidence review.
server/routes/dns.ts,api,,,,,,,,UNREVIEWED,,backend route; Requires feature-level evidence review.
server/routes/domainRegistrar.ts,ai,,,,,,,,UNREVIEWED,,backend route; Requires feature-level evidence review.
server/routes/downloads.ts,api,,,,,,,,UNREVIEWED,,backend route; Requires feature-level evidence review.
server/routes/dualAutopilot.ts,api,,,,,,,,UNREVIEWED,,backend route; Requires feature-level evidence review.
server/routes/emailPreferences.ts,ai,,,,,,,,UNREVIEWED,,backend route; Requires feature-level evidence review.
server/routes/executiveDashboard.ts,api,,,,,,,,UNREVIEWED,,backend route; Requires feature-level evidence review.
server/routes/export.ts,api,,,,,,,,UNREVIEWED,,backend route; Requires feature-level evidence review.
server/routes/fabric.ts,api,,,,,,,,UNREVIEWED,,backend route; Requires feature-level evidence review.
server/routes/fanCampaigns.ts,ai,,,,,,,,UNREVIEWED,,backend route; Requires feature-level evidence review.
server/routes/fanHub.ts,api,,,,,,,,UNREVIEWED,,backend route; Requires feature-level evidence review.
server/routes/fanMemberships.ts,api,,,,,,,,UNREVIEWED,,backend route; Requires feature-level evidence review.
server/routes/files.ts,api,,,,,,,,UNREVIEWED,,backend route; Requires feature-level evidence review.
server/routes/growth.ts,api,,,,,,,,UNREVIEWED,,backend route; Requires feature-level evidence review.
server/routes/helpDesk.ts,api,,,,,,,,UNREVIEWED,,backend route; Requires feature-level evidence review.
server/routes/hns.ts,api,,,,,,,,UNREVIEWED,,backend route; Requires feature-level evidence review.
server/routes/hybridStorage.ts,storage,,,,,,,,UNREVIEWED,,backend route; Requires feature-level evidence review.
server/routes/internalProxy.ts,api,,,,,,,,UNREVIEWED,,backend route; Requires feature-level evidence review.
server/routes/invoices.ts,api,,,,,,,,UNREVIEWED,,backend route; Requires feature-level evidence review.
server/routes/killSwitch.ts,api,,,,,,,,UNREVIEWED,,backend route; Requires feature-level evidence review.
server/routes/kyc.ts,api,,,,,,,,UNREVIEWED,,backend route; Requires feature-level evidence review.
server/routes/labelSubmissions.ts,api,,,,,,,,UNREVIEWED,,backend route; Requires feature-level evidence review.
server/routes/logs.ts,api,,,,,,,,UNREVIEWED,,backend route; Requires feature-level evidence review.
server/routes/marketplace.ts,marketplace,,,,,,,,UNREVIEWED,,backend route; Requires feature-level evidence review.
server/routes/maxcoreProxy.ts,ai,,,,,,,,UNREVIEWED,,backend route; Requires feature-level evidence review.
server/routes/maxcore.ts,ai,,,,,,,,UNREVIEWED,,backend route; Requires feature-level evidence review.
server/routes/merch.ts,api,,,,,,,,UNREVIEWED,,backend route; Requires feature-level evidence review.
server/routes/monitoring.ts,operations,,,,,,,,UNREVIEWED,,backend route; Requires feature-level evidence review.
server/routes/multimodal.ts,api,,,,,,,,UNREVIEWED,,backend route; Requires feature-level evidence review.
server/routes/musicVideos.ts,api,,,,,,,,UNREVIEWED,,backend route; Requires feature-level evidence review.
server/routes/musicWorkflowAutomations.ts,api,,,,,,,,UNREVIEWED,,backend route; Requires feature-level evidence review.
server/routes/notifications.ts,api,,,,,,,,UNREVIEWED,,backend route; Requires feature-level evidence review.
server/routes/offline.ts,api,,,,,,,,UNREVIEWED,,backend route; Requires feature-level evidence review.
server/routes/onboarding.ts,api,,,,,,,,UNREVIEWED,,backend route; Requires feature-level evidence review.
server/routes/organic.ts,api,,,,,,,,UNREVIEWED,,backend route; Requires feature-level evidence review.
server/routes/outreach.ts,api,,,,,,,,UNREVIEWED,,backend route; Requires feature-level evidence review.
server/routes/paid.ts,ai,,,,,,,,UNREVIEWED,,backend route; Requires feature-level evidence review.
server/routes/paymentBypass.ts,billing,,,,,,,,UNREVIEWED,,backend route; Requires feature-level evidence review.
server/routes/payouts.ts,api,,,,,,,,UNREVIEWED,,backend route; Requires feature-level evidence review.
server/routes/personalization.ts,api,,,,,,,,UNREVIEWED,,backend route; Requires feature-level evidence review.
server/routes/platformSync.ts,api,,,,,,,,UNREVIEWED,,backend route; Requires feature-level evidence review.
server/routes/playlistPitching.ts,api,,,,,,,,UNREVIEWED,,backend route; Requires feature-level evidence review.
server/routes/preferences.ts,api,,,,,,,,UNREVIEWED,,backend route; Requires feature-level evidence review.
server/routes/pressKit.ts,api,,,,,,,,UNREVIEWED,,backend route; Requires feature-level evidence review.
server/routes/projectBudgets.ts,api,,,,,,,,UNREVIEWED,,backend route; Requires feature-level evidence review.
server/routes/prometheus.ts,api,,,,,,,,UNREVIEWED,,backend route; Requires feature-level evidence review.
server/routes/promotionalTools.ts,api,,,,,,,,UNREVIEWED,,backend route; Requires feature-level evidence review.
server/routes/publishing.ts,api,,,,,,,,UNREVIEWED,,backend route; Requires feature-level evidence review.
server/routes/radioPitches.ts,api,,,,,,,,UNREVIEWED,,backend route; Requires feature-level evidence review.
server/routes/recoveryCodes.ts,api,,,,,,,,UNREVIEWED,,backend route; Requires feature-level evidence review.
server/routes/releaseCountdown.ts,distribution,,,,,,,,UNREVIEWED,,backend route; Requires feature-level evidence review.
server/routes/reliability-endpoints.ts,api,,,,,,,,UNREVIEWED,,backend route; Requires feature-level evidence review.
server/routes/retention.ts,api,,,,,,,,UNREVIEWED,,backend route; Requires feature-level evidence review.
server/routes/revenueForecast.ts,api,,,,,,,,UNREVIEWED,,backend route; Requires feature-level evidence review.
server/routes/sampleClearances.ts,api,,,,,,,,UNREVIEWED,,backend route; Requires feature-level evidence review.
server/routes/search.ts,api,,,,,,,,UNREVIEWED,,backend route; Requires feature-level evidence review.
server/routes/security.ts,api,,,,,,,,UNREVIEWED,,backend route; Requires feature-level evidence review.
server/routes/selfHealingApi.ts,api,,,,,,,,UNREVIEWED,,backend route; Requires feature-level evidence review.
server/routes/seo.ts,api,,,,,,,,UNREVIEWED,,backend route; Requires feature-level evidence review.
server/routes/shortcuts.ts,api,,,,,,,,UNREVIEWED,,backend route; Requires feature-level evidence review.
server/routes/shows.ts,api,,,,,,,,UNREVIEWED,,backend route; Requires feature-level evidence review.
server/routes/simulation.ts,api,,,,,,,,UNREVIEWED,,backend route; Requires feature-level evidence review.
server/routes/socialAI.ts,social,,,,,,,,UNREVIEWED,,backend route; Requires feature-level evidence review.
server/routes/socialApprovals.ts,social,,,,,,,,UNREVIEWED,,backend route; Requires feature-level evidence review.
server/routes/socialBulk.ts,social,,,,,,,,UNREVIEWED,,backend route; Requires feature-level evidence review.
server/routes/socialMedia.ts,social,,,,,,,,UNREVIEWED,,backend route; Requires feature-level evidence review.
server/routes/socialOAuth.ts,social,,,,,,,,UNREVIEWED,,backend route; Requires feature-level evidence review.
server/routes/songwriting.ts,api,,,,,,,,UNREVIEWED,,backend route; Requires feature-level evidence review.
server/routes/status.ts,api,,,,,,,,UNREVIEWED,,backend route; Requires feature-level evidence review.
server/routes/storage.ts,storage,,,,,,,,UNREVIEWED,,backend route; Requires feature-level evidence review.
server/routes/storefrontDomains.ts,ai,,,,,,,,UNREVIEWED,,backend route; Requires feature-level evidence review.
server/routes/storefront.ts,api,,,,,,,,UNREVIEWED,,backend route; Requires feature-level evidence review.
server/routes/studioComping.ts,api,,,,,,,,UNREVIEWED,,backend route; Requires feature-level evidence review.
server/routes/studioGeneration.ts,api,,,,,,,,UNREVIEWED,,backend route; Requires feature-level evidence review.
server/routes/studioMarkers.ts,api,,,,,,,,UNREVIEWED,,backend route; Requires feature-level evidence review.
server/routes/studioMidi.ts,api,,,,,,,,UNREVIEWED,,backend route; Requires feature-level evidence review.
server/routes/studioPlugins.ts,api,,,,,,,,UNREVIEWED,,backend route; Requires feature-level evidence review.
server/routes/studioStems.ts,api,,,,,,,,UNREVIEWED,,backend route; Requires feature-level evidence review.
server/routes/studio.ts,api,,,,,,,,UNREVIEWED,,backend route; Requires feature-level evidence review.
server/routes/studioWarping.ts,api,,,,,,,,UNREVIEWED,,backend route; Requires feature-level evidence review.
server/routes/support.ts,api,,,,,,,,UNREVIEWED,,backend route; Requires feature-level evidence review.
server/routes/syncLicensing.ts,api,,,,,,,,UNREVIEWED,,backend route; Requires feature-level evidence review.
server/routes/sync.ts,api,,,,,,,,UNREVIEWED,,backend route; Requires feature-level evidence review.
server/routes/testing.ts,api,,,,,,,,UNREVIEWED,,backend route; Requires feature-level evidence review.
server/routes/training.ts,ai,,,,,,,,UNREVIEWED,,backend route; Requires feature-level evidence review.
server/routes/undo.ts,api,,,,,,,,UNREVIEWED,,backend route; Requires feature-level evidence review.
server/routes/unifiedContent.ts,social,,,,,,,,UNREVIEWED,,backend route; Requires feature-level evidence review.
server/routes/uploads.ts,storage,,,,,,,,UNREVIEWED,,backend route; Requires feature-level evidence review.
server/routes/venues.ts,api,,,,,,,,UNREVIEWED,,backend route; Requires feature-level evidence review.
server/routes/vstBridge.ts,api,,,,,,,,UNREVIEWED,,backend route; Requires feature-level evidence review.
server/routes/webhooks-admin.ts,admin,,,,,,,,UNREVIEWED,,backend route; Requires feature-level evidence review.
server/routes/webhooks/sendgrid.ts,api,,,,,,,,UNREVIEWED,,backend route; Requires feature-level evidence review.
server/routes/webhooks/stripe.ts,billing,,,,,,,,UNREVIEWED,,backend route; Requires feature-level evidence review.
server/routes/workspace.ts,api,,,,,,,,UNREVIEWED,,backend route; Requires feature-level evidence review.
server/services/accountDeletionService.ts,backend,,,,,,,,UNREVIEWED,,backend service; Requires feature-level evidence review.
server/services/achievementService.ts,backend,,,,,,,,UNREVIEWED,,backend service; Requires feature-level evidence review.
server/services/acmeClient.ts,backend,,,,,,,,UNREVIEWED,,backend service; Requires feature-level evidence review.
server/services/adaptivePricingEngine.ts,backend,,,,,,,,UNREVIEWED,,backend service; Requires feature-level evidence review.
server/services/advancedAnalyticsService.ts,backend,,,,,,,,UNREVIEWED,,backend service; Requires feature-level evidence review.
server/services/advancedSocialAIService.ts,social,,,,,,,,UNREVIEWED,,backend service; Requires feature-level evidence review.
server/services/advancedUrlParser.ts,backend,,,,,,,,UNREVIEWED,,backend service; Requires feature-level evidence review.
server/services/advancedVideoRendererService.ts,backend,,,,,,,,UNREVIEWED,,backend service; Requires feature-level evidence review.
server/services/advertisingAIService.ts,ai,,,,,,,,UNREVIEWED,,backend service; Requires feature-level evidence review.
server/services/advertisingDispatchService.ts,backend,,,,,,,,UNREVIEWED,,backend service; Requires feature-level evidence review.
server/services/advertisingNormalizationService.ts,backend,,,,,,,,UNREVIEWED,,backend service; Requires feature-level evidence review.
server/services/advertisingRulesService.ts,backend,,,,,,,,UNREVIEWED,,backend service; Requires feature-level evidence review.
server/services/aiAnalyticsService.ts,ai,,,,,,,,UNREVIEWED,,backend service; Requires feature-level evidence review.
server/services/aiAudioGeneratorService.ts,ai,,,,,,,,UNREVIEWED,,backend service; Requires feature-level evidence review.
server/services/aiContentService.ts,social,,,,,,,,UNREVIEWED,,backend service; Requires feature-level evidence review.
server/services/aiHelpDeskService.ts,ai,,,,,,,,UNREVIEWED,,backend service; Requires feature-level evidence review.
server/services/aiInsightsEngine.ts,ai,,,,,,,,UNREVIEWED,,backend service; Requires feature-level evidence review.
server/services/aiModelManager.ts,ai,,,,,,,,UNREVIEWED,,backend service; Requires feature-level evidence review.
server/services/aiMusicService.ts,ai,,,,,,,,UNREVIEWED,,backend service; Requires feature-level evidence review.
server/services/aiService.ts,ai,,,,,,,,UNREVIEWED,,backend service; Requires feature-level evidence review.
server/services/aiTranslationService.ts,ai,,,,,,,,UNREVIEWED,,backend service; Requires feature-level evidence review.
server/services/algorithmIntelligence.ts,backend,,,,,,,,UNREVIEWED,,backend service; Requires feature-level evidence review.
server/services/analyticsAlertService.ts,backend,,,,,,,,UNREVIEWED,,backend service; Requires feature-level evidence review.
server/services/analyticsAnomalyService.ts,backend,,,,,,,,UNREVIEWED,,backend service; Requires feature-level evidence review.
server/services/apiKeyService.ts,backend,,,,,,,,UNREVIEWED,,backend service; Requires feature-level evidence review.
server/services/approvalService.ts,backend,,,,,,,,UNREVIEWED,,backend service; Requires feature-level evidence review.
server/services/approvalWorkflowService.ts,backend,,,,,,,,UNREVIEWED,,backend service; Requires feature-level evidence review.
server/services/artistProfileService.ts,backend,,,,,,,,UNREVIEWED,,backend service; Requires feature-level evidence review.
server/services/artistProgressService.ts,backend,,,,,,,,UNREVIEWED,,backend service; Requires feature-level evidence review.
server/services/audioFingerprint.ts,backend,,,,,,,,UNREVIEWED,,backend service; Requires feature-level evidence review.
server/services/audioGeneratorService.ts,backend,,,,,,,,UNREVIEWED,,backend service; Requires feature-level evidence review.
server/services/audioMetadataService.ts,backend,,,,,,,,UNREVIEWED,,backend service; Requires feature-level evidence review.
server/services/audioNormalizationService.ts,backend,,,,,,,,UNREVIEWED,,backend service; Requires feature-level evidence review.
server/services/audioSeparatorService.ts,backend,,,,,,,,UNREVIEWED,,backend service; Requires feature-level evidence review.
server/services/audioService.ts,backend,,,,,,,,UNREVIEWED,,backend service; Requires feature-level evidence review.
server/services/auditLoggerService.ts,backend,,,,,,,,UNREVIEWED,,backend service; Requires feature-level evidence review.
server/services/autofixDirective.ts,backend,,,,,,,,UNREVIEWED,,backend service; Requires feature-level evidence review.
server/services/autonomousJobScheduler.ts,backend,,,,,,,,UNREVIEWED,,backend service; Requires feature-level evidence review.
server/services/autonomousService.ts,backend,,,,,,,,UNREVIEWED,,backend service; Requires feature-level evidence review.
server/services/autopilotCoordinatorService.ts,backend,,,,,,,,UNREVIEWED,,backend service; Requires feature-level evidence review.
server/services/autopilotLearningService.ts,backend,,,,,,,,UNREVIEWED,,backend service; Requires feature-level evidence review.
server/services/autopilotPublisher.ts,backend,,,,,,,,UNREVIEWED,,backend service; Requires feature-level evidence review.
server/services/autoPostGenerator.ts,backend,,,,,,,,UNREVIEWED,,backend service; Requires feature-level evidence review.
server/services/autoPostingService.ts,backend,,,,,,,,UNREVIEWED,,backend service; Requires feature-level evidence review.
server/services/autoPostingServiceV2.ts,backend,,,,,,,,UNREVIEWED,,backend service; Requires feature-level evidence review.
server/services/backup/databaseBackupService.ts,backend,,,,,,,,UNREVIEWED,,backend service; Requires feature-level evidence review.
server/services/baseModelTrainer.ts,ai,,,,,,,,UNREVIEWED,,backend service; Requires feature-level evidence review.
server/services/beatMoneyLoopService.ts,marketplace,,,,,,,,UNREVIEWED,,backend service; Requires feature-level evidence review.
server/services/beatService.ts,marketplace,,,,,,,,UNREVIEWED,,backend service; Requires feature-level evidence review.
server/services/beatSyncService.ts,marketplace,,,,,,,,UNREVIEWED,,backend service; Requires feature-level evidence review.
server/services/bridgeInsightsService.ts,backend,,,,,,,,UNREVIEWED,,backend service; Requires feature-level evidence review.
server/services/careerCoachService.ts,backend,,,,,,,,UNREVIEWED,,backend service; Requires feature-level evidence review.
server/services/catalogImporter.ts,backend,,,,,,,,UNREVIEWED,,backend service; Requires feature-level evidence review.
server/services/catalogMigrationService.ts,backend,,,,,,,,UNREVIEWED,,backend service; Requires feature-level evidence review.
server/services/chainErrorAutoFixer.ts,ai,,,,,,,,UNREVIEWED,,backend service; Requires feature-level evidence review.
server/services/chatService.ts,backend,,,,,,,,UNREVIEWED,,backend service; Requires feature-level evidence review.
server/services/circuitBreaker.ts,backend,,,,,,,,UNREVIEWED,,backend service; Requires feature-level evidence review.
server/services/cohortAnalyticsService.ts,backend,,,,,,,,UNREVIEWED,,backend service; Requires feature-level evidence review.
server/services/collaborationService.ts,backend,,,,,,,,UNREVIEWED,,backend service; Requires feature-level evidence review.
server/services/competitorBenchmarkService.ts,backend,,,,,,,,UNREVIEWED,,backend service; Requires feature-level evidence review.
server/services/compingService.ts,backend,,,,,,,,UNREVIEWED,,backend service; Requires feature-level evidence review.
server/services/complianceService.ts,backend,,,,,,,,UNREVIEWED,,backend service; Requires feature-level evidence review.
server/services/consentService.ts,backend,,,,,,,,UNREVIEWED,,backend service; Requires feature-level evidence review.
server/services/contentAnalysisService.ts,social,,,,,,,,UNREVIEWED,,backend service; Requires feature-level evidence review.
server/services/contentPipeline/artistContentStrategy.ts,social,,,,,,,,UNREVIEWED,,backend service; Requires feature-level evidence review.
server/services/contentPipeline/contentTypeGenerators.ts,social,,,,,,,,UNREVIEWED,,backend service; Requires feature-level evidence review.
server/services/contentPipeline/maxBoosterContentStrategy.ts,social,,,,,,,,UNREVIEWED,,backend service; Requires feature-level evidence review.
server/services/contentPipeline/platformFormatters.ts,social,,,,,,,,UNREVIEWED,,backend service; Requires feature-level evidence review.
server/services/contentPipeline/schedulingMetadataBuilder.ts,social,,,,,,,,UNREVIEWED,,backend service; Requires feature-level evidence review.
server/services/contentQualityGate.ts,social,,,,,,,,UNREVIEWED,,backend service; Requires feature-level evidence review.
server/services/contentQualityPipeline.ts,social,,,,,,,,UNREVIEWED,,backend service; Requires feature-level evidence review.
server/services/contentVariantGenerator.ts,social,,,,,,,,UNREVIEWED,,backend service; Requires feature-level evidence review.
server/services/contractTemplateService.ts,backend,,,,,,,,UNREVIEWED,,backend service; Requires feature-level evidence review.
server/services/creativeModelService.ts,backend,,,,,,,,UNREVIEWED,,backend service; Requires feature-level evidence review.
server/services/crossPlatformSyncService.ts,backend,,,,,,,,UNREVIEWED,,backend service; Requires feature-level evidence review.
server/services/customerHealthScoreService.ts,operations,,,,,,,,UNREVIEWED,,backend service; Requires feature-level evidence review.
server/services/databaseLogTransport.ts,backend,,,,,,,,UNREVIEWED,,backend service; Requires feature-level evidence review.
server/services/ddexPackageService.ts,backend,,,,,,,,UNREVIEWED,,backend service; Requires feature-level evidence review.
server/services/desktopPushService.ts,backend,,,,,,,,UNREVIEWED,,backend service; Requires feature-level evidence review.
server/services/diffusionBackgroundTrainer.ts,ai,,,,,,,,UNREVIEWED,,backend service; Requires feature-level evidence review.
server/services/diffusionVideoService.ts,backend,,,,,,,,UNREVIEWED,,backend service; Requires feature-level evidence review.
server/services/directiveExecutor.ts,backend,,,,,,,,UNREVIEWED,,backend service; Requires feature-level evidence review.
server/services/discoveryAlgorithmService.ts,backend,,,,,,,,UNREVIEWED,,backend service; Requires feature-level evidence review.
server/services/distributedCacheService.ts,backend,,,,,,,,UNREVIEWED,,backend service; Requires feature-level evidence review.
server/services/distributionChunkedUploadService.ts,storage,,,,,,,,UNREVIEWED,,backend service; Requires feature-level evidence review.
server/services/distributionCodeGenerationService.ts,distribution,,,,,,,,UNREVIEWED,,backend service; Requires feature-level evidence review.
server/services/distributionDataTransferService.ts,distribution,,,,,,,,UNREVIEWED,,backend service; Requires feature-level evidence review.
server/services/distributionPlatformService.ts,distribution,,,,,,,,UNREVIEWED,,backend service; Requires feature-level evidence review.
server/services/distributionService.ts,distribution,,,,,,,,UNREVIEWED,,backend service; Requires feature-level evidence review.
server/services/dmcaService.ts,backend,,,,,,,,UNREVIEWED,,backend service; Requires feature-level evidence review.
server/services/dnsPropagationCheck.ts,backend,,,,,,,,UNREVIEWED,,backend service; Requires feature-level evidence review.
server/services/dnsProviderService.ts,backend,,,,,,,,UNREVIEWED,,backend service; Requires feature-level evidence review.
server/services/dnssec.ts,backend,,,,,,,,UNREVIEWED,,backend service; Requires feature-level evidence review.
server/services/dnsServer.ts,backend,,,,,,,,UNREVIEWED,,backend service; Requires feature-level evidence review.
server/services/domainLifecycleJob.ts,ai,,,,,,,,UNREVIEWED,,backend service; Requires feature-level evidence review.
server/services/domainPolicyEngine.ts,ai,,,,,,,,UNREVIEWED,,backend service; Requires feature-level evidence review.
server/services/domainRegistrarService.ts,ai,,,,,,,,UNREVIEWED,,backend service; Requires feature-level evidence review.
server/services/dspAnalyticsService.ts,backend,,,,,,,,UNREVIEWED,,backend service; Requires feature-level evidence review.
server/services/dsp/compressorEngines.ts,backend,,,,,,,,UNREVIEWED,,backend service; Requires feature-level evidence review.
server/services/dsp/core.ts,backend,,,,,,,,UNREVIEWED,,backend service; Requires feature-level evidence review.
server/services/dsp/delayEngines.ts,backend,,,,,,,,UNREVIEWED,,backend service; Requires feature-level evidence review.
server/services/dsp/distortionEngines.ts,backend,,,,,,,,UNREVIEWED,,backend service; Requires feature-level evidence review.
server/services/dsp/dynamicsEngines.ts,backend,,,,,,,,UNREVIEWED,,backend service; Requires feature-level evidence review.
server/services/dsp/eqEngines.ts,backend,,,,,,,,UNREVIEWED,,backend service; Requires feature-level evidence review.
server/services/dsp/index.ts,backend,,,,,,,,UNREVIEWED,,backend service; Requires feature-level evidence review.
server/services/dsp/instruments/analogSynthEngines.ts,backend,,,,,,,,UNREVIEWED,,backend service; Requires feature-level evidence review.
server/services/dsp/instruments/bassEngines.ts,backend,,,,,,,,UNREVIEWED,,backend service; Requires feature-level evidence review.
server/services/dsp/instruments/drumsEngines.ts,backend,,,,,,,,UNREVIEWED,,backend service; Requires feature-level evidence review.
server/services/dsp/instruments/fmSynthEngines.ts,backend,,,,,,,,UNREVIEWED,,backend service; Requires feature-level evidence review.
server/services/dsp/instruments/padsEngines.ts,backend,,,,,,,,UNREVIEWED,,backend service; Requires feature-level evidence review.
server/services/dsp/instruments/pianoEngines.ts,backend,,,,,,,,UNREVIEWED,,backend service; Requires feature-level evidence review.
server/services/dsp/instruments/samplerEngines.ts,backend,,,,,,,,UNREVIEWED,,backend service; Requires feature-level evidence review.
server/services/dsp/instruments/stringsEngines.ts,backend,,,,,,,,UNREVIEWED,,backend service; Requires feature-level evidence review.
server/services/dsp/instruments/wavetableSynthEngines.ts,backend,,,,,,,,UNREVIEWED,,backend service; Requires feature-level evidence review.
server/services/dsp/microphoneEngines.ts,backend,,,,,,,,UNREVIEWED,,backend service; Requires feature-level evidence review.
server/services/dsp/modulationEngines.ts,backend,,,,,,,,UNREVIEWED,,backend service; Requires feature-level evidence review.
server/services/dspPolicyChecker.ts,backend,,,,,,,,UNREVIEWED,,backend service; Requires feature-level evidence review.
server/services/dsp/reverbEngines.ts,backend,,,,,,,,UNREVIEWED,,backend service; Requires feature-level evidence review.
server/services/dsp/vocalEngines.ts,backend,,,,,,,,UNREVIEWED,,backend service; Requires feature-level evidence review.
server/services/dunningService.ts,backend,,,,,,,,UNREVIEWED,,backend service; Requires feature-level evidence review.
server/services/dynamicTrendsService.ts,backend,,,,,,,,UNREVIEWED,,backend service; Requires feature-level evidence review.
server/services/emailService.ts,ai,,,,,,,,UNREVIEWED,,backend service; Requires feature-level evidence review.
server/services/emailTrackingService.ts,ai,,,,,,,,UNREVIEWED,,backend service; Requires feature-level evidence review.
server/services/epp/EppClient.ts,backend,,,,,,,,UNREVIEWED,,backend service; Requires feature-level evidence review.
server/services/epp/EppCommands.ts,backend,,,,,,,,UNREVIEWED,,backend service; Requires feature-level evidence review.
server/services/epp/EppParser.ts,backend,,,,,,,,UNREVIEWED,,backend service; Requires feature-level evidence review.
server/services/epp/index.ts,backend,,,,,,,,UNREVIEWED,,backend service; Requires feature-level evidence review.
server/services/epp/types.ts,backend,,,,,,,,UNREVIEWED,,backend service; Requires feature-level evidence review.
server/services/errorKnowledgeBase.ts,backend,,,,,,,,UNREVIEWED,,backend service; Requires feature-level evidence review.
server/services/evolutionRegistry.ts,backend,,,,,,,,UNREVIEWED,,backend service; Requires feature-level evidence review.
server/services/externalServices.ts,backend,,,,,,,,UNREVIEWED,,backend service; Requires feature-level evidence review.
server/services/featureEventBuffer.ts,backend,,,,,,,,UNREVIEWED,,backend service; Requires feature-level evidence review.
server/services/geoDbRefresh.ts,backend,,,,,,,,UNREVIEWED,,backend service; Requires feature-level evidence review.
server/services/geoDns.ts,backend,,,,,,,,UNREVIEWED,,backend service; Requires feature-level evidence review.
server/services/helpCenterService.ts,backend,,,,,,,,UNREVIEWED,,backend service; Requires feature-level evidence review.
server/services/hns/HnsAuction.ts,backend,,,,,,,,UNREVIEWED,,backend service; Requires feature-level evidence review.
server/services/hns/HnsClient.ts,backend,,,,,,,,UNREVIEWED,,backend service; Requires feature-level evidence review.
server/services/hns/index.ts,backend,,,,,,,,UNREVIEWED,,backend service; Requires feature-level evidence review.
server/services/hybridStorageService.ts,storage,,,,,,,,UNREVIEWED,,backend service; Requires feature-level evidence review.
server/services/hyperLearningEngine.ts,backend,,,,,,,,UNREVIEWED,,backend service; Requires feature-level evidence review.
server/services/idempotencyService.ts,backend,,,,,,,,UNREVIEWED,,backend service; Requires feature-level evidence review.
server/services/identifierService.ts,backend,,,,,,,,UNREVIEWED,,backend service; Requires feature-level evidence review.
server/services/imageProcessor.ts,backend,,,,,,,,UNREVIEWED,,backend service; Requires feature-level evidence review.
server/services/imageToVideoService.ts,backend,,,,,,,,UNREVIEWED,,backend service; Requires feature-level evidence review.
server/services/industryMonitorService.ts,operations,,,,,,,,UNREVIEWED,,backend service; Requires feature-level evidence review.
server/services/instantPayoutService.ts,backend,,,,,,,,UNREVIEWED,,backend service; Requires feature-level evidence review.
server/services/invoiceService.ts,backend,,,,,,,,UNREVIEWED,,backend service; Requires feature-level evidence review.
server/services/jwtAuthService.ts,auth,,,,,,,,UNREVIEWED,,backend service; Requires feature-level evidence review.
server/services/knowledgeBaseService.ts,backend,,,,,,,,UNREVIEWED,,backend service; Requires feature-level evidence review.
server/services/kycService.ts,backend,,,,,,,,UNREVIEWED,,backend service; Requires feature-level evidence review.
server/services/labelCopyLinter.ts,backend,,,,,,,,UNREVIEWED,,backend service; Requires feature-level evidence review.
server/services/labelgrid-service.ts,backend,,,,,,,,UNREVIEWED,,backend service; Requires feature-level evidence review.
server/services/labelGridService.ts,backend,,,,,,,,UNREVIEWED,,backend service; Requires feature-level evidence review.
server/services/loggingService.ts,backend,,,,,,,,UNREVIEWED,,backend service; Requires feature-level evidence review.
server/services/marketplaceService.ts,marketplace,,,,,,,,UNREVIEWED,,backend service; Requires feature-level evidence review.
server/services/maxAssistantService.ts,backend,,,,,,,,UNREVIEWED,,backend service; Requires feature-level evidence review.
server/services/maxcoreClient.ts,ai,,,,,,,,UNREVIEWED,,backend service; Requires feature-level evidence review.
server/services/maxcoreConnector.ts,ai,,,,,,,,UNREVIEWED,,backend service; Requires feature-level evidence review.
server/services/maxcoreDiffusionSceneService.ts,ai,,,,,,,,UNREVIEWED,,backend service; Requires feature-level evidence review.
server/services/maxcoreLocalEngine.ts,ai,,,,,,,,UNREVIEWED,,backend service; Requires feature-level evidence review.
server/services/maxcoreLocalSupervisor.ts,ai,,,,,,,,UNREVIEWED,,backend service; Requires feature-level evidence review.
server/services/maxcoreScoreCalibrator.ts,ai,,,,,,,,UNREVIEWED,,backend service; Requires feature-level evidence review.
server/services/maxcoreSync.ts,ai,,,,,,,,UNREVIEWED,,backend service; Requires feature-level evidence review.
server/services/maxcore.ts,ai,,,,,,,,UNREVIEWED,,backend service; Requires feature-level evidence review.
server/services/mediaAnalyzerService.ts,backend,,,,,,,,UNREVIEWED,,backend service; Requires feature-level evidence review.
server/services/melodyPatternService.ts,backend,,,,,,,,UNREVIEWED,,backend service; Requires feature-level evidence review.
server/services/metricsService.ts,backend,,,,,,,,UNREVIEWED,,backend service; Requires feature-level evidence review.
server/services/microtonalService.ts,backend,,,,,,,,UNREVIEWED,,backend service; Requires feature-level evidence review.
server/services/midiGeneratorService.ts,backend,,,,,,,,UNREVIEWED,,backend service; Requires feature-level evidence review.
server/services/midiTransformService.ts,backend,,,,,,,,UNREVIEWED,,backend service; Requires feature-level evidence review.
server/services/mlModelRegistry.ts,backend,,,,,,,,UNREVIEWED,,backend service; Requires feature-level evidence review.
server/services/mobilePushService.ts,backend,,,,,,,,UNREVIEWED,,backend service; Requires feature-level evidence review.
server/services/modelWeightStorage.ts,storage,,,,,,,,UNREVIEWED,,backend service; Requires feature-level evidence review.
server/services/monitoringService.ts,operations,,,,,,,,UNREVIEWED,,backend service; Requires feature-level evidence review.
server/services/multimodalGenerationService.ts,backend,,,,,,,,UNREVIEWED,,backend service; Requires feature-level evidence review.
server/services/musicCareerAnalyticsService.ts,backend,,,,,,,,UNREVIEWED,,backend service; Requires feature-level evidence review.
server/services/musicCodes.ts,backend,,,,,,,,UNREVIEWED,,backend service; Requires feature-level evidence review.
server/services/musicGenerationService.ts,backend,,,,,,,,UNREVIEWED,,backend service; Requires feature-level evidence review.
server/services/musicIndustryContextFilter.ts,backend,,,,,,,,UNREVIEWED,,backend service; Requires feature-level evidence review.
server/services/musicVideoStudioService.ts,backend,,,,,,,,UNREVIEWED,,backend service; Requires feature-level evidence review.
server/services/musicWorkflowAutomationService.ts,backend,,,,,,,,UNREVIEWED,,backend service; Requires feature-level evidence review.
server/services/notificationDispatcher.ts,backend,,,,,,,,UNREVIEWED,,backend service; Requires feature-level evidence review.
server/services/notificationService.ts,backend,,,,,,,,UNREVIEWED,,backend service; Requires feature-level evidence review.
server/services/offlineModeService.ts,backend,,,,,,,,UNREVIEWED,,backend service; Requires feature-level evidence review.
server/services/onboardingService.ts,backend,,,,,,,,UNREVIEWED,,backend service; Requires feature-level evidence review.
server/services/organicCompoundingService.ts,backend,,,,,,,,UNREVIEWED,,backend service; Requires feature-level evidence review.
server/services/paymentBypassService.ts,billing,,,,,,,,UNREVIEWED,,backend service; Requires feature-level evidence review.
server/services/payoutService.ts,backend,,,,,,,,UNREVIEWED,,backend service; Requires feature-level evidence review.
server/services/pdimMediaStorageService.ts,storage,,,,,,,,UNREVIEWED,,backend service; Requires feature-level evidence review.
server/services/pdim.ts,backend,,,,,,,,UNREVIEWED,,backend service; Requires feature-level evidence review.
server/services/permanentFixRegistry.ts,backend,,,,,,,,UNREVIEWED,,backend service; Requires feature-level evidence review.
server/services/personalizationService.ts,backend,,,,,,,,UNREVIEWED,,backend service; Requires feature-level evidence review.
server/services/platformAlgorithmOptimizer.ts,backend,,,,,,,,UNREVIEWED,,backend service; Requires feature-level evidence review.
server/services/platformAutoFixer.ts,backend,,,,,,,,UNREVIEWED,,backend service; Requires feature-level evidence review.
server/services/playlistAttributionService.ts,backend,,,,,,,,UNREVIEWED,,backend service; Requires feature-level evidence review.
server/services/pluginHostService.ts,backend,,,,,,,,UNREVIEWED,,backend service; Requires feature-level evidence review.
server/services/plugins/definitions.ts,backend,,,,,,,,UNREVIEWED,,backend service; Requires feature-level evidence review.
server/services/plugins/fullCatalog.ts,backend,,,,,,,,UNREVIEWED,,backend service; Requires feature-level evidence review.
server/services/plugins/genres.ts,backend,,,,,,,,UNREVIEWED,,backend service; Requires feature-level evidence review.
server/services/plugins/index.ts,backend,,,,,,,,UNREVIEWED,,backend service; Requires feature-level evidence review.
server/services/plugins/mbCatalog.ts,backend,,,,,,,,UNREVIEWED,,backend service; Requires feature-level evidence review.
server/services/plugins/pluginEnrichment.ts,backend,,,,,,,,UNREVIEWED,,backend service; Requires feature-level evidence review.
server/services/pocket-dimension/fabric/compression/CompressionProfileRouter.ts,backend,,,,,,,,UNREVIEWED,,backend service; Requires feature-level evidence review.
server/services/pocket-dimension/fabric/compression/ContentDefinedChunker.ts,social,,,,,,,,UNREVIEWED,,backend service; Requires feature-level evidence review.
server/services/pocket-dimension/fabric/compression/DeltaEngine.ts,backend,,,,,,,,UNREVIEWED,,backend service; Requires feature-level evidence review.
server/services/pocket-dimension/fabric/compression/index.ts,backend,,,,,,,,UNREVIEWED,,backend service; Requires feature-level evidence review.
server/services/pocket-dimension/fabric/compression/MediaTranscoder.ts,backend,,,,,,,,UNREVIEWED,,backend service; Requires feature-level evidence review.
server/services/pocket-dimension/fabric/compression/SemanticArchiver.ts,backend,,,,,,,,UNREVIEWED,,backend service; Requires feature-level evidence review.
server/services/pocket-dimension/fabric/compression/types.ts,backend,,,,,,,,UNREVIEWED,,backend service; Requires feature-level evidence review.
server/services/pocket-dimension/fabric/compression/ZstdEngine.ts,backend,,,,,,,,UNREVIEWED,,backend service; Requires feature-level evidence review.
server/services/pocket-dimension/fabric/control/AutoClusterManager.ts,backend,,,,,,,,UNREVIEWED,,backend service; Requires feature-level evidence review.
server/services/pocket-dimension/fabric/control/PlacementStrategy.ts,backend,,,,,,,,UNREVIEWED,,backend service; Requires feature-level evidence review.
server/services/pocket-dimension/fabric/control/Rebalancer.ts,backend,,,,,,,,UNREVIEWED,,backend service; Requires feature-level evidence review.
server/services/pocket-dimension/fabric/index.ts,backend,,,,,,,,UNREVIEWED,,backend service; Requires feature-level evidence review.
server/services/pocket-dimension/fabric/infra/ChunkIndex.ts,backend,,,,,,,,UNREVIEWED,,backend service; Requires feature-level evidence review.
server/services/pocket-dimension/fabric/infra/NodeRegistry.ts,backend,,,,,,,,UNREVIEWED,,backend service; Requires feature-level evidence review.
server/services/pocket-dimension/fabric/infra/ObjectIndex.ts,backend,,,,,,,,UNREVIEWED,,backend service; Requires feature-level evidence review.
server/services/pocket-dimension/fabric/infra/PocketRegistry.ts,backend,,,,,,,,UNREVIEWED,,backend service; Requires feature-level evidence review.
server/services/pocket-dimension/fabric/infra/VolumeRegistry.ts,backend,,,,,,,,UNREVIEWED,,backend service; Requires feature-level evidence review.
server/services/pocket-dimension/fabric/storage/ChunkStore.ts,storage,,,,,,,,UNREVIEWED,,backend service; Requires feature-level evidence review.
server/services/pocket-dimension/fabric/storage/LocalFsChunkStore.ts,storage,,,,,,,,UNREVIEWED,,backend service; Requires feature-level evidence review.
server/services/pocket-dimension/fabric/storage/PocketDimensionChunkStore.ts,storage,,,,,,,,UNREVIEWED,,backend service; Requires feature-level evidence review.
server/services/pocket-dimension/fabric/storage/ReplitChunkStore.ts,storage,,,,,,,,UNREVIEWED,,backend service; Requires feature-level evidence review.
server/services/pocket-dimension/index.ts,backend,,,,,,,,UNREVIEWED,,backend service; Requires feature-level evidence review.
server/services/pocket-dimension/platform-capsule.ts,backend,,,,,,,,UNREVIEWED,,backend service; Requires feature-level evidence review.
server/services/postingUtils.ts,backend,,,,,,,,UNREVIEWED,,backend service; Requires feature-level evidence review.
server/services/promotionalToolsService.ts,backend,,,,,,,,UNREVIEWED,,backend service; Requires feature-level evidence review.
server/services/pushNotificationTypes.ts,backend,,,,,,,,UNREVIEWED,,backend service; Requires feature-level evidence review.
server/services/pythonAIService.ts,ai,,,,,,,,UNREVIEWED,,backend service; Requires feature-level evidence review.
server/services/pythonPath.ts,backend,,,,,,,,UNREVIEWED,,backend service; Requires feature-level evidence review.
server/services/queueBackpressure.ts,backend,,,,,,,,UNREVIEWED,,backend service; Requires feature-level evidence review.
server/services/queueService.ts,backend,,,,,,,,UNREVIEWED,,backend service; Requires feature-level evidence review.
server/services/rbacService.ts,backend,,,,,,,,UNREVIEWED,,backend service; Requires feature-level evidence review.
server/services/recoupmentService.ts,backend,,,,,,,,UNREVIEWED,,backend service; Requires feature-level evidence review.
server/services/recursiveResolver.ts,backend,,,,,,,,UNREVIEWED,,backend service; Requires feature-level evidence review.
server/services/reEngagementService.ts,backend,,,,,,,,UNREVIEWED,,backend service; Requires feature-level evidence review.
server/services/registrar/EppRegistrarProvider.ts,backend,,,,,,,,UNREVIEWED,,backend service; Requires feature-level evidence review.
server/services/registrar/index.ts,backend,,,,,,,,UNREVIEWED,,backend service; Requires feature-level evidence review.
server/services/registrar/InternalRegistrarProvider.ts,backend,,,,,,,,UNREVIEWED,,backend service; Requires feature-level evidence review.
server/services/registrar/MaxBoosterRegistrarProvider.ts,backend,,,,,,,,UNREVIEWED,,backend service; Requires feature-level evidence review.
server/services/registrar/types.ts,backend,,,,,,,,UNREVIEWED,,backend service; Requires feature-level evidence review.
server/services/releaseCountdownService.ts,distribution,,,,,,,,UNREVIEWED,,backend service; Requires feature-level evidence review.
server/services/releaseScheduler.ts,distribution,,,,,,,,UNREVIEWED,,backend service; Requires feature-level evidence review.
server/services/releaseWorkflowService.ts,distribution,,,,,,,,UNREVIEWED,,backend service; Requires feature-level evidence review.
server/services/releaseWorkflow.ts,distribution,,,,,,,,UNREVIEWED,,backend service; Requires feature-level evidence review.
server/services/requestContext.ts,backend,,,,,,,,UNREVIEWED,,backend service; Requires feature-level evidence review.
server/services/revenueForecaster.ts,backend,,,,,,,,UNREVIEWED,,backend service; Requires feature-level evidence review.
server/services/revenueForecastService.ts,backend,,,,,,,,UNREVIEWED,,backend service; Requires feature-level evidence review.
server/services/royaltiesCSVImportService.ts,backend,,,,,,,,UNREVIEWED,,backend service; Requires feature-level evidence review.
server/services/royaltiesTaxComplianceService.ts,backend,,,,,,,,UNREVIEWED,,backend service; Requires feature-level evidence review.
server/services/royaltyDispute.ts,backend,,,,,,,,UNREVIEWED,,backend service; Requires feature-level evidence review.
server/services/royaltyEngine.ts,backend,,,,,,,,UNREVIEWED,,backend service; Requires feature-level evidence review.
server/services/royaltyExports.ts,backend,,,,,,,,UNREVIEWED,,backend service; Requires feature-level evidence review.
server/services/royaltySplitsDispatcher.ts,backend,,,,,,,,UNREVIEWED,,backend service; Requires feature-level evidence review.
server/services/safeUrlFetch.ts,backend,,,,,,,,UNREVIEWED,,backend service; Requires feature-level evidence review.
server/services/securityMonitoringService.ts,operations,,,,,,,,UNREVIEWED,,backend service; Requires feature-level evidence review.
server/services/securityService.ts,backend,,,,,,,,UNREVIEWED,,backend service; Requires feature-level evidence review.
server/services/selfHealingSecurityEngine.ts,backend,,,,,,,,UNREVIEWED,,backend service; Requires feature-level evidence review.
server/services/sessionTrackingService.ts,auth,,,,,,,,UNREVIEWED,,backend service; Requires feature-level evidence review.
server/services/sharpImageService.ts,backend,,,,,,,,UNREVIEWED,,backend service; Requires feature-level evidence review.
server/services/silentDeploymentService.ts,backend,,,,,,,,UNREVIEWED,,backend service; Requires feature-level evidence review.
server/services/smartDefaultsEngine.ts,backend,,,,,,,,UNREVIEWED,,backend service; Requires feature-level evidence review.
server/services/smartDefaultsService.ts,backend,,,,,,,,UNREVIEWED,,backend service; Requires feature-level evidence review.
server/services/socialAmplificationService.ts,social,,,,,,,,UNREVIEWED,,backend service; Requires feature-level evidence review.
server/services/socialChatbotService.ts,social,,,,,,,,UNREVIEWED,,backend service; Requires feature-level evidence review.
server/services/socialFanbaseService.ts,social,,,,,,,,UNREVIEWED,,backend service; Requires feature-level evidence review.
server/services/socialListeningService.ts,social,,,,,,,,UNREVIEWED,,backend service; Requires feature-level evidence review.
server/services/socialOAuthService.ts,social,,,,,,,,UNREVIEWED,,backend service; Requires feature-level evidence review.
server/services/socialQueueService.ts,social,,,,,,,,UNREVIEWED,,backend service; Requires feature-level evidence review.
server/services/socialService.ts,social,,,,,,,,UNREVIEWED,,backend service; Requires feature-level evidence review.
server/services/socialStrategyAIService.ts,social,,,,,,,,UNREVIEWED,,backend service; Requires feature-level evidence review.
server/services/socialSyncService.ts,social,,,,,,,,UNREVIEWED,,backend service; Requires feature-level evidence review.
server/services/ssoService.ts,backend,,,,,,,,UNREVIEWED,,backend service; Requires feature-level evidence review.
server/services/statusPageService.ts,backend,,,,,,,,UNREVIEWED,,backend service; Requires feature-level evidence review.
server/services/stemExportService.ts,backend,,,,,,,,UNREVIEWED,,backend service; Requires feature-level evidence review.
server/services/storageService.ts,storage,,,,,,,,UNREVIEWED,,backend service; Requires feature-level evidence review.
server/services/storefrontDnsService.ts,backend,,,,,,,,UNREVIEWED,,backend service; Requires feature-level evidence review.
server/services/storefrontService.ts,backend,,,,,,,,UNREVIEWED,,backend service; Requires feature-level evidence review.
server/services/stripeService.ts,billing,,,,,,,,UNREVIEWED,,backend service; Requires feature-level evidence review.
server/services/stripeSetup.ts,billing,,,,,,,,UNREVIEWED,,backend service; Requires feature-level evidence review.
server/services/structuredLogger.ts,backend,,,,,,,,UNREVIEWED,,backend service; Requires feature-level evidence review.
server/services/studioConversionService.ts,backend,,,,,,,,UNREVIEWED,,backend service; Requires feature-level evidence review.
server/services/studioService.ts,backend,,,,,,,,UNREVIEWED,,backend service; Requires feature-level evidence review.
server/services/supportAIService.ts,ai,,,,,,,,UNREVIEWED,,backend service; Requires feature-level evidence review.
server/services/supportTicketService.ts,backend,,,,,,,,UNREVIEWED,,backend service; Requires feature-level evidence review.
server/services/suspiciousPayoutDetector.ts,backend,,,,,,,,UNREVIEWED,,backend service; Requires feature-level evidence review.
server/services/systemIntelligence.ts,backend,,,,,,,,UNREVIEWED,,backend service; Requires feature-level evidence review.
server/services/taxFormService.ts,backend,,,,,,,,UNREVIEWED,,backend service; Requires feature-level evidence review.
server/services/timeStretchService.ts,backend,,,,,,,,UNREVIEWED,,backend service; Requires feature-level evidence review.
server/services/timingOptimizer.ts,backend,,,,,,,,UNREVIEWED,,backend service; Requires feature-level evidence review.
server/services/unifiedAIController.ts,ai,,,,,,,,UNREVIEWED,,backend service; Requires feature-level evidence review.
server/services/unifiedContentOrchestrator.ts,social,,,,,,,,UNREVIEWED,,backend service; Requires feature-level evidence review.
server/services/userPocketDimensionService.ts,backend,,,,,,,,UNREVIEWED,,backend service; Requires feature-level evidence review.
server/services/userPreferencesService.ts,backend,,,,,,,,UNREVIEWED,,backend service; Requires feature-level evidence review.
server/services/veoMusicService.ts,backend,,,,,,,,UNREVIEWED,,backend service; Requires feature-level evidence review.
server/services/videoGeneratorService.ts,backend,,,,,,,,UNREVIEWED,,backend service; Requires feature-level evidence review.
server/services/viralScoring.ts,backend,,,,,,,,UNREVIEWED,,backend service; Requires feature-level evidence review.
server/services/voiceSynthesisService.ts,backend,,,,,,,,UNREVIEWED,,backend service; Requires feature-level evidence review.
server/services/vstPluginBridge.ts,backend,,,,,,,,UNREVIEWED,,backend service; Requires feature-level evidence review.
server/services/waveformCacheService.ts,backend,,,,,,,,UNREVIEWED,,backend service; Requires feature-level evidence review.
server/services/webhookReliabilityService.ts,backend,,,,,,,,UNREVIEWED,,backend service; Requires feature-level evidence review.
server/services/webPushService.ts,backend,,,,,,,,UNREVIEWED,,backend service; Requires feature-level evidence review.
server/services/weeklyInsightsService.ts,backend,,,,,,,,UNREVIEWED,,backend service; Requires feature-level evidence review.
server/services/workspaceService.ts,backend,,,,,,,,UNREVIEWED,,backend service; Requires feature-level evidence review.
server/services/yjsService.ts,backend,,,,,,,,UNREVIEWED,,backend service; Requires feature-level evidence review.
client/src/pages/About.tsx,frontend,,,,,,,,UNREVIEWED,,frontend page; Requires feature-level evidence review.
client/src/pages/admin/AuditLog.tsx,frontend,,,,,,,,UNREVIEWED,,frontend page; Requires feature-level evidence review.
client/src/pages/AdminAutonomy.tsx,frontend,,,,,,,,UNREVIEWED,,frontend page; Requires feature-level evidence review.
client/src/pages/admin/ContentSampler.tsx,frontend,,,,,,,,UNREVIEWED,,frontend page; Requires feature-level evidence review.
client/src/pages/AdminDashboard.tsx,frontend,,,,,,,,UNREVIEWED,,frontend page; Requires feature-level evidence review.
client/src/pages/admin/KYCReview.tsx,frontend,,,,,,,,UNREVIEWED,,frontend page; Requires feature-level evidence review.
client/src/pages/admin/SecurityDashboard.tsx,frontend,,,,,,,,UNREVIEWED,,frontend page; Requires feature-level evidence review.
client/src/pages/admin/SupportDashboard.tsx,frontend,,,,,,,,UNREVIEWED,,frontend page; Requires feature-level evidence review.
client/src/pages/admin/SupportTicketDetail.tsx,frontend,,,,,,,,UNREVIEWED,,frontend page; Requires feature-level evidence review.
client/src/pages/admin/TrainingDashboard.tsx,frontend,,,,,,,,UNREVIEWED,,frontend page; Requires feature-level evidence review.
client/src/pages/Admin.tsx,frontend,,,,,,,,UNREVIEWED,,frontend page; Requires feature-level evidence review.
client/src/pages/Advertisement.tsx,frontend,,,,,,,,UNREVIEWED,,frontend page; Requires feature-level evidence review.
client/src/pages/analytics/AIDashboard.tsx,frontend,,,,,,,,UNREVIEWED,,frontend page; Requires feature-level evidence review.
client/src/pages/analytics/ARDiscoveryPanel.tsx,frontend,,,,,,,,UNREVIEWED,,frontend page; Requires feature-level evidence review.
client/src/pages/analytics/AudienceInsights.tsx,frontend,,,,,,,,UNREVIEWED,,frontend page; Requires feature-level evidence review.
client/src/pages/analytics/CrossPlatformComparison.tsx,frontend,,,,,,,,UNREVIEWED,,frontend page; Requires feature-level evidence review.
client/src/pages/analytics/ExportAnalytics.tsx,frontend,,,,,,,,UNREVIEWED,,frontend page; Requires feature-level evidence review.
client/src/pages/analytics/GlobalRankingDashboard.tsx,frontend,,,,,,,,UNREVIEWED,,frontend page; Requires feature-level evidence review.
client/src/pages/analytics/HistoricalAnalyticsView.tsx,frontend,,,,,,,,UNREVIEWED,,frontend page; Requires feature-level evidence review.
client/src/pages/analytics/NaturalLanguageQuery.tsx,frontend,,,,,,,,UNREVIEWED,,frontend page; Requires feature-level evidence review.
client/src/pages/analytics/PlaylistJourneysVisualization.tsx,frontend,,,,,,,,UNREVIEWED,,frontend page; Requires feature-level evidence review.
client/src/pages/analytics/PlaylistTracking.tsx,frontend,,,,,,,,UNREVIEWED,,frontend page; Requires feature-level evidence review.
client/src/pages/analytics/RevenueAnalytics.tsx,frontend,,,,,,,,UNREVIEWED,,frontend page; Requires feature-level evidence review.
client/src/pages/analytics/StreamingAnalytics.tsx,frontend,,,,,,,,UNREVIEWED,,frontend page; Requires feature-level evidence review.
client/src/pages/Analytics.tsx,frontend,,,,,,,,UNREVIEWED,,frontend page; Requires feature-level evidence review.
client/src/pages/API.tsx,frontend,,,,,,,,UNREVIEWED,,frontend page; Requires feature-level evidence review.
client/src/pages/ARIntelligence.tsx,frontend,,,,,,,,UNREVIEWED,,frontend page; Requires feature-level evidence review.
client/src/pages/Assistant.tsx,frontend,,,,,,,,UNREVIEWED,,frontend page; Requires feature-level evidence review.
client/src/pages/BlogPost.tsx,frontend,,,,,,,,UNREVIEWED,,frontend page; Requires feature-level evidence review.
client/src/pages/Blog.tsx,frontend,,,,,,,,UNREVIEWED,,frontend page; Requires feature-level evidence review.
client/src/pages/CareerCoach.tsx,frontend,,,,,,,,UNREVIEWED,,frontend page; Requires feature-level evidence review.
client/src/pages/Collaborations.tsx,frontend,,,,,,,,UNREVIEWED,,frontend page; Requires feature-level evidence review.
client/src/pages/Contracts.tsx,frontend,,,,,,,,UNREVIEWED,,frontend page; Requires feature-level evidence review.
client/src/pages/Dashboard.tsx,frontend,,,,,,,,UNREVIEWED,,frontend page; Requires feature-level evidence review.
client/src/pages/DesktopApp.tsx,frontend,,,,,,,,UNREVIEWED,,frontend page; Requires feature-level evidence review.
client/src/pages/DeveloperApi.tsx,frontend,,,,,,,,UNREVIEWED,,frontend page; Requires feature-level evidence review.
client/src/pages/Distribution.tsx,frontend,,,,,,,,UNREVIEWED,,frontend page; Requires feature-level evidence review.
client/src/pages/DMCA.tsx,frontend,,,,,,,,UNREVIEWED,,frontend page; Requires feature-level evidence review.
client/src/pages/Documentation.tsx,frontend,,,,,,,,UNREVIEWED,,frontend page; Requires feature-level evidence review.
client/src/pages/FanHub.tsx,frontend,,,,,,,,UNREVIEWED,,frontend page; Requires feature-level evidence review.
client/src/pages/FanMemberships.tsx,frontend,,,,,,,,UNREVIEWED,,frontend page; Requires feature-level evidence review.
client/src/pages/Features.tsx,frontend,,,,,,,,UNREVIEWED,,frontend page; Requires feature-level evidence review.
client/src/pages/ForgotPassword.tsx,frontend,,,,,,,,UNREVIEWED,,frontend page; Requires feature-level evidence review.
client/src/pages/HandleLink.tsx,frontend,,,,,,,,UNREVIEWED,,frontend page; Requires feature-level evidence review.
client/src/pages/Help.tsx,frontend,,,,,,,,UNREVIEWED,,frontend page; Requires feature-level evidence review.
client/src/pages/Invoices.tsx,frontend,,,,,,,,UNREVIEWED,,frontend page; Requires feature-level evidence review.
client/src/pages/Landing.tsx,frontend,,,,,,,,UNREVIEWED,,frontend page; Requires feature-level evidence review.
client/src/pages/Login.tsx,frontend,,,,,,,,UNREVIEWED,,frontend page; Requires feature-level evidence review.
client/src/pages/Marketplace.tsx,frontend,,,,,,,,UNREVIEWED,,frontend page; Requires feature-level evidence review.
client/src/pages/MerchStore.tsx,frontend,,,,,,,,UNREVIEWED,,frontend page; Requires feature-level evidence review.
client/src/pages/MusicWorkflowAutomations.tsx,frontend,,,,,,,,UNREVIEWED,,frontend page; Requires feature-level evidence review.
client/src/pages/not-found.tsx,frontend,,,,,,,,UNREVIEWED,,frontend page; Requires feature-level evidence review.
client/src/pages/NotificationDetail.tsx,frontend,,,,,,,,UNREVIEWED,,frontend page; Requires feature-level evidence review.
client/src/pages/Notifications.tsx,frontend,,,,,,,,UNREVIEWED,,frontend page; Requires feature-level evidence review.
client/src/pages/Onboarding.tsx,frontend,,,,,,,,UNREVIEWED,,frontend page; Requires feature-level evidence review.
client/src/pages/OutreachCRM.tsx,frontend,,,,,,,,UNREVIEWED,,frontend page; Requires feature-level evidence review.
client/src/pages/PlaylistPitching.tsx,frontend,,,,,,,,UNREVIEWED,,frontend page; Requires feature-level evidence review.
client/src/pages/PressKit.tsx,frontend,,,,,,,,UNREVIEWED,,frontend page; Requires feature-level evidence review.
client/src/pages/Pricing.tsx,frontend,,,,,,,,UNREVIEWED,,frontend page; Requires feature-level evidence review.
client/src/pages/Privacy.tsx,frontend,,,,,,,,UNREVIEWED,,frontend page; Requires feature-level evidence review.
client/src/pages/ProducerProfilePage.tsx,frontend,,,,,,,,UNREVIEWED,,frontend page; Requires feature-level evidence review.
client/src/pages/Projects.tsx,frontend,,,,,,,,UNREVIEWED,,frontend page; Requires feature-level evidence review.
client/src/pages/PublicPressKit.tsx,frontend,,,,,,,,UNREVIEWED,,frontend page; Requires feature-level evidence review.
client/src/pages/Publishing.tsx,frontend,,,,,,,,UNREVIEWED,,frontend page; Requires feature-level evidence review.
client/src/pages/RegisterPayment.tsx,frontend,,,,,,,,UNREVIEWED,,frontend page; Requires feature-level evidence review.
client/src/pages/RegisterSuccess.tsx,frontend,,,,,,,,UNREVIEWED,,frontend page; Requires feature-level evidence review.
client/src/pages/Register.tsx,frontend,,,,,,,,UNREVIEWED,,frontend page; Requires feature-level evidence review.
client/src/pages/ReleaseCountdown.tsx,frontend,,,,,,,,UNREVIEWED,,frontend page; Requires feature-level evidence review.
client/src/pages/ResetPassword.tsx,frontend,,,,,,,,UNREVIEWED,,frontend page; Requires feature-level evidence review.
client/src/pages/Royalties.tsx,frontend,,,,,,,,UNREVIEWED,,frontend page; Requires feature-level evidence review.
client/src/pages/SecurityPage.tsx,frontend,,,,,,,,UNREVIEWED,,frontend page; Requires feature-level evidence review.
client/src/pages/Settings.tsx,frontend,,,,,,,,UNREVIEWED,,frontend page; Requires feature-level evidence review.
client/src/pages/ShowPage.tsx,frontend,,,,,,,,UNREVIEWED,,frontend page; Requires feature-level evidence review.
client/src/pages/Shows.tsx,frontend,,,,,,,,UNREVIEWED,,frontend page; Requires feature-level evidence review.
client/src/pages/SimplifiedDashboard.tsx,frontend,,,,,,,,UNREVIEWED,,frontend page; Requires feature-level evidence review.
client/src/pages/SocialMedia.tsx,frontend,,,,,,,,UNREVIEWED,,frontend page; Requires feature-level evidence review.
client/src/pages/SoloFounderStory.tsx,frontend,,,,,,,,UNREVIEWED,,frontend page; Requires feature-level evidence review.
client/src/pages/Storefront.tsx,frontend,,,,,,,,UNREVIEWED,,frontend page; Requires feature-level evidence review.
client/src/pages/Studio.tsx,frontend,,,,,,,,UNREVIEWED,,frontend page; Requires feature-level evidence review.
client/src/pages/Subscribe.tsx,frontend,,,,,,,,UNREVIEWED,,frontend page; Requires feature-level evidence review.
client/src/pages/SyncLicensing.tsx,frontend,,,,,,,,UNREVIEWED,,frontend page; Requires feature-level evidence review.
client/src/pages/Terms.tsx,frontend,,,,,,,,UNREVIEWED,,frontend page; Requires feature-level evidence review.
client/src/pages/Verification.tsx,frontend,,,,,,,,UNREVIEWED,,frontend page; Requires feature-level evidence review.
client/src/pages/VideoGeneratorPage.tsx,frontend,,,,,,,,UNREVIEWED,,frontend page; Requires feature-level evidence review.
client/src/pages/Workspaces.tsx,frontend,,,,,,,,UNREVIEWED,,frontend page; Requires feature-level evidence review.
